Source,Target,Relation,Source_Type,Target_Type,Weight,Paper_Count,Paper_IDs,Years,Edge_Key,Transfer_Match
cyanobacteria,toxin-producing,SEMANTIC_CO_OCCURS,TAXON_GROUP;TOXIN_PHENOTYPE,TAXON_GROUP;TOXIN_PHENOTYPE,29,29,12238500;14766924;16650472;16710515;19627483;22081581;23648419;23891539;24334673;25421324;26417864;26842222;27817832;28678186;31012060;31695119;31940734;31995862;32323358;33128150;34442662;35198665;35509523;36430059;36470600;36981972;39545400;40424915;41893572,2002.0;2004.0;2006.0;2009.0;2012.0;2013.0;2014.0;2015.0;2016.0;2017.0;2019.0;2020.0;2021.0;2022.0;2023.0;2025.0;2026.0,"('cyanobacteria', 'toxin-producing')",0
cyanobacteria,phosphorus,SEMANTIC_CO_OCCURS,ENV_FACTOR;TAXON_GROUP,ENV_FACTOR;TAXON_GROUP,24,24,15892061;21533636;23702304;24333522;26239440;26568470;27542935;28073499;28574457;29791446;29957289;30203964;30792397;31102855;31358272;31713695;32090402;34697712;34848287;38142507;38244903;40209228;41334952;41867601,2005.0;2011.0;2013.0;2014.0;2015.0;2016.0;2017.0;2018.0;2019.0;2020.0;2022.0;2024.0;2025.0;2026.0,"('cyanobacteria', 'phosphorus')",0
cyanobacteria,neosaxitoxin,SEMANTIC_CO_OCCURS,TAXON_GROUP,TOXIN,21,21,10414862;11137533;16879849;19632259;21376073;21710505;24031789;24334673;25046082;25285689;25456236;25544652;27130970;27424100;27907126;28604648;29705145;30296060;37888642;39547124;40209228,1999.0;2001.0;2006.0;2010.0;2011.0;2013.0;2014.0;2015.0;2016.0;2017.0;2018.0;2023.0;2024.0;2025.0,"('cyanobacteria', 'neosaxitoxin')",0
cyanobacteria,ph,SEMANTIC_CO_OCCURS,TAXON_GROUP,ENV_FACTOR,20,20,12875872;14733387;14766924;15243648;15294806;19627483;19874838;25046082;26347118;28526117;30831427;31310856;32090402;33980451;36399599;36629970;36801032;38244903;38393148;41867601,2003.0;2004.0;2009.0;2010.0;2014.0;2016.0;2017.0;2019.0;2020.0;2021.0;2022.0;2023.0;2024.0;2026.0,"('cyanobacteria', 'ph')",0
climate change,cyanobacteria,SEMANTIC_CO_OCCURS,TAXON_GROUP,ENV_FACTOR,18,18,28073477;29970250;30380769;33111925;33875185;33980428;35622541;35902522;36136576;37394567;38754694;38943258;39195450;39265222;39330836;39703700;41532809;41915567,2016.0;2018.0;2020.0;2021.0;2022.0;2023.0;2024.0;2026.0,"('climate change', 'cyanobacteria')",0
ph,saxitoxin,ENV_FACTOR_ASSOCIATED_WITH_TOXIN,TOXIN,ENV_FACTOR,18,18,14733387;14766924;15243648;15294806;19627483;25046082;26347118;30831427;31310856;33980451;35364510;36399599;36629970;36801032;38244903;38393148;41867601;6814018,1982.0;2003.0;2004.0;2009.0;2014.0;2016.0;2019.0;2021.0;2022.0;2023.0;2024.0;2026.0,"('ph', 'saxitoxin')",0
cyanobacteria,gonyautoxins,SEMANTIC_CO_OCCURS,TAXON_GROUP,TOXIN,16,16,15177951;19632259;19778550;21376073;21556170;27130970;27907126;28374313;28604648;29705145;30296060;33526182;35323466;37678578;39547124;8599183,1995.0;2004.0;2010.0;2011.0;2016.0;2017.0;2018.0;2021.0;2022.0;2023.0;2024.0,"('cyanobacteria', 'gonyautoxins')",0
cyanobacteria,gene expression,SEMANTIC_CO_OCCURS,REGULATION_EXPRESSION;TAXON_GROUP,REGULATION_EXPRESSION;TAXON_GROUP,13,13,16650472;18461783;23648386;24043774;24956074;27796937;29957289;33298362;38710226;39571800;40209228;40449983;41334952,2006.0;2008.0;2013.0;2014.0;2017.0;2018.0;2020.0;2024.0;2025.0,"('cyanobacteria', 'gene expression')",0
cyanobacteria,light,SEMANTIC_CO_OCCURS,TAXON_GROUP,ENV_FACTOR,13,13,14660387;15294806;23064102;23892224;24333522;25421324;28208628;28235579;29957289;34200983;34520086;35997789;38786590,2003.0;2004.0;2012.0;2013.0;2014.0;2017.0;2018.0;2021.0;2022.0;2024.0,"('cyanobacteria', 'light')",0
cyanobacteria,neostx,SEMANTIC_CO_OCCURS,TAXON_GROUP,TOXIN,13,13,10858510;14660387;16646002;19632259;21710505;23955286;25046082;25456236;27130970;28604648;30552354;35131565;37888642,2000.0;2003.0;2006.0;2010.0;2013.0;2014.0;2016.0;2017.0;2018.0;2022.0;2023.0,"('cyanobacteria', 'neostx')",0
biosynthetic pathway,cyanobacteria,SEMANTIC_CO_OCCURS,BIOSYNTHETIC_SYSTEM;TAXON_GROUP,BIOSYNTHETIC_SYSTEM;TAXON_GROUP,12,12,18487408;18850059;19331657;19484122;19731715;23966031;28073495;29390180;31527551;32526918;35198665;35323466,2008.0;2009.0;2013.0;2016.0;2018.0;2019.0;2020.0;2022.0,"('biosynthetic pathway', 'cyanobacteria')",0
cyanobacteria,oxidative stress,SEMANTIC_CO_OCCURS,TAXON_GROUP,ENV_FACTOR,12,12,21073887;25456236;25544652;26568470;27424100;27796937;28409869;31466003;32247151;33631698;34974311;39606777,2011.0;2014.0;2015.0;2016.0;2017.0;2020.0;2021.0;2022.0;2024.0,"('cyanobacteria', 'oxidative stress')",0
cyanobacteria,dcstx,SEMANTIC_CO_OCCURS,TAXON_GROUP,TOXIN,11,11,10858510;14733387;16646002;22960450;28604648;29705145;30502809;34564635;34940694;38786590;40710496,2000.0;2003.0;2006.0;2012.0;2017.0;2018.0;2021.0;2024.0;2025.0,"('cyanobacteria', 'dcstx')",0
cyanobacteria,environmental factors,SEMANTIC_CO_OCCURS,TAXON_GROUP,ENV_FACTOR,10,10,18461783;22429476;23892224;23955286;24333522;31358272;38244903;38393148;38401471;39703700,2008.0;2013.0;2014.0;2019.0;2022.0;2024.0,"('cyanobacteria', 'environmental factors')",0
neosaxitoxin,paralytic shellfish poisoning,SEMANTIC_CO_OCCURS,TOXIN,TOXIN,10,10,11137533;16879849;1908861;20048055;21376073;21710505;24334673;25544652;27424100;27907126,1991.0;2001.0;2006.0;2010.0;2011.0;2013.0;2014.0;2015.0;2016.0,"('neosaxitoxin', 'paralytic shellfish poisoning')",0
cyanobacteria,toxin content,SEMANTIC_CO_OCCURS,TAXON_GROUP,TOXIN,9,9,16646002;23648419;23955286;24031789;24956074;26239440;28678186;38786590;41655539,2006.0;2011.0;2013.0;2014.0;2015.0;2017.0;2024.0;2026.0,"('cyanobacteria', 'toxin content')",0
cyanobacteria,toxin producing,SEMANTIC_CO_OCCURS,TAXON_GROUP;TOXIN_PHENOTYPE,TAXON_GROUP;TOXIN_PHENOTYPE,8,8,10414862;16650472;18461783;24275084;26417864;27907126;29705145,1999.0;2006.0;2008.0;2014.0;2015.0;2016.0;2018.0,"('cyanobacteria', 'toxin producing')",0
neosaxitoxin,neostx,SEMANTIC_CO_OCCURS,TOXIN,TOXIN,8,8,19632259;21710505;25046082;25456236;27130970;28604648;35131565;37888642,2010.0;2013.0;2014.0;2016.0;2017.0;2022.0;2023.0,"('neosaxitoxin', 'neostx')",0
cyanobacteria,salinity,SEMANTIC_CO_OCCURS,TAXON_GROUP,ENV_FACTOR,8,7,23892224;29791446;33980428;33980444;33980451;35131565;40279773,2013.0;2018.0;2021.0;2022.0;2025.0,"('cyanobacteria', 'salinity')",0
biosynthetic pathway,paralytic shellfish poisoning,SEMANTIC_CO_OCCURS,BIOSYNTHETIC_SYSTEM,TOXIN,7,7,18487408;18850059;19331657;19484122;23966031;28073495;35198665,2008.0;2009.0;2013.0;2016.0;2022.0,"('biosynthetic pathway', 'paralytic shellfish poisoning')",0
decarbamoylsaxitoxin,saxitoxin,SEMANTIC_CO_OCCURS,TOXIN,TOXIN,7,7,12740803;20048055;24334673;28604648;29705145;34564635;9407557,1997.0;2003.0;2010.0;2014.0;2017.0;2018.0;2021.0,"('decarbamoylsaxitoxin', 'saxitoxin')",0
climate change,temperature,SEMANTIC_CO_OCCURS,ENV_FACTOR,ENV_FACTOR,7,5,30380769;36136576;38754694;39195450;39265222,2018.0;2022.0;2024.0,"('climate change', 'temperature')",0
arginine,cyanobacteria,SEMANTIC_CO_OCCURS,TAXON_GROUP,BIOLOGICAL_MECHANISM,6,6,10698727;15342114;18487408;26239440;27817832;33084210,2000.0;2004.0;2008.0;2015.0;2016.0;2021.0,"('arginine', 'cyanobacteria')",0
cyanobacteria,decarbamoylsaxitoxin,SEMANTIC_CO_OCCURS,TAXON_GROUP,TOXIN,6,6,22960450;24334673;28604648;29705145;34564635;38786590,2012.0;2014.0;2017.0;2018.0;2021.0;2024.0,"('cyanobacteria', 'decarbamoylsaxitoxin')",0
cyanobacteria,metabolic pathways,SEMANTIC_CO_OCCURS,BIOSYNTHETIC_SYSTEM,TAXON_GROUP,6,6,11800428;18850059;19331657;20479965;34974311;35323466,2001.0;2008.0;2009.0;2010.0;2022.0,"('cyanobacteria', 'metabolic pathways')",0
cyanobacteria,nontoxic,SEMANTIC_CO_OCCURS,TAXON_GROUP,TOXIN_PHENOTYPE,6,6,11348083;15294806;19627483;22534073;33401417;36629970,2001.0;2004.0;2009.0;2012.0;2021.0;2023.0,"('cyanobacteria', 'nontoxic')",0
dcstx,decarbamoylsaxitoxin,SEMANTIC_CO_OCCURS,TOXIN,TOXIN,6,6,20048055;22960450;28604648;29705145;34564635;38786590,2010.0;2012.0;2017.0;2018.0;2021.0;2024.0,"('dcstx', 'decarbamoylsaxitoxin')",0
ph,temperature,SEMANTIC_CO_OCCURS,ENV_FACTOR,ENV_FACTOR,6,6,15804520;30831427;33980451;36399599;36629970;38393148,2005.0;2019.0;2021.0;2022.0;2023.0;2024.0,"('ph', 'temperature')",0
environmental conditions,toxic cyanobacteria,SEMANTIC_CO_OCCURS,TAXON_GROUP,ENV_FACTOR,6,5,21820143;24956074;25346253;33608790;34697712,2012.0;2014.0;2021.0;2022.0,"('environmental conditions', 'toxic cyanobacteria')",0
arginine,saxitoxin,TOXIN_MECHANISM_RELATION,TOXIN,BIOLOGICAL_MECHANISM,5,5,15342114;18487408;26439121;27817832;33084210,2004.0;2008.0;2015.0;2016.0;2021.0,"('arginine', 'saxitoxin')",0
cyanobacteria,homology,SEMANTIC_CO_OCCURS,TAXON_GROUP,EVOLUTIONARY_PROCESS,5,5,18487408;2987916;33298362;35198665;38705616,1985.0;2008.0;2020.0;2022.0;2024.0,"('cyanobacteria', 'homology')",0
cyanobacteria,precursor,SEMANTIC_CO_OCCURS,TAXON_GROUP,BIOLOGICAL_MECHANISM,5,5,18850059;24956074;29390180;33084210;38270276,2008.0;2014.0;2018.0;2021.0;2024.0,"('cyanobacteria', 'precursor')",0
decarbamoylsaxitoxin,neosaxitoxin,SEMANTIC_CO_OCCURS,TOXIN,TOXIN,5,5,12740803;20048055;24334673;28604648;29705145,2003.0;2010.0;2014.0;2017.0;2018.0,"('decarbamoylsaxitoxin', 'neosaxitoxin')",0
gene expression,toxic cyanobacteria,SEMANTIC_CO_OCCURS,REGULATION_EXPRESSION;TAXON_GROUP,REGULATION_EXPRESSION;TAXON_GROUP,5,5,16650472;18461783;23648386;24956074;40449983,2006.0;2008.0;2013.0;2014.0;2025.0,"('gene expression', 'toxic cyanobacteria')",0
gonyautoxins,paralytic shellfish poisoning,SEMANTIC_CO_OCCURS,TOXIN,TOXIN,5,5,12565757;20048055;21376073;27907126;28374313,2003.0;2010.0;2011.0;2016.0;2017.0,"('gonyautoxins', 'paralytic shellfish poisoning')",0
neosaxitoxin,sxta,GENE_ASSOCIATED_WITH_TOXIN,GENE,TOXIN,5,5,20048055;24334673;27907126;29705145;40209228,2010.0;2014.0;2016.0;2018.0;2025.0,"('neosaxitoxin', 'sxta')",0
sxta,toxin-producing,SEMANTIC_CO_OCCURS,GENE;TOXIN_PHENOTYPE,GENE;TOXIN_PHENOTYPE,5,5,20048055;22081581;24334673;25421324;31012060,2010.0;2012.0;2014.0;2019.0,"('sxta', 'toxin-producing')",0
acetate,saxitoxin,TOXIN_MECHANISM_RELATION,TOXIN,BIOLOGICAL_MECHANISM,4,4,18487408;33084210;6814018;9407557,1982.0;1997.0;2008.0;2021.0,"('acetate', 'saxitoxin')",0
arginine,biosynthesis,SEMANTIC_CO_OCCURS,BIOLOGICAL_MECHANISM,BIOLOGICAL_MECHANISM,4,4,18487408;26239440;27817832;33084210,2008.0;2015.0;2016.0;2021.0,"('arginine', 'biosynthesis')",0
biosynthesis,neosaxitoxin,TOXIN_MECHANISM_RELATION,TOXIN,BIOLOGICAL_MECHANISM,4,4,24334673;29705145;30296060;40209228,2014.0;2018.0;2025.0,"('biosynthesis', 'neosaxitoxin')",0
biosynthetic pathway,gene transfer,SEMANTIC_CO_OCCURS,BIOSYNTHETIC_SYSTEM,EVOLUTIONARY_PROCESS,4,4,18487408;18850059;19331657;23966031,2008.0;2009.0;2013.0,"('biosynthetic pathway', 'gene transfer')",0
biosynthetic pathways,cyanobacteria,SEMANTIC_CO_OCCURS,TAXON_GROUP,BIOSYNTHETIC_SYSTEM,4,4,19660486;23051004;26568470;32290496,2010.0;2013.0;2016.0;2020.0,"('biosynthetic pathways', 'cyanobacteria')",0
cell cycle,cyanobacteria,SEMANTIC_CO_OCCURS,TAXON_GROUP,BIOLOGICAL_MECHANISM,4,4,26239440;28678186;36477823;40401712,2015.0;2017.0;2022.0;2025.0,"('cell cycle', 'cyanobacteria')",0
clade,pst-producing,SEMANTIC_CO_OCCURS,TOXIN_PHENOTYPE,EVOLUTIONARY_PROCESS,4,4,23457475;30502809;32307073;39003021,2013.0;2018.0;2020.0;2024.0,"('clade', 'pst-producing')",0
cyanobacteria,phylogenetic tree,SEMANTIC_CO_OCCURS,TAXON_GROUP,EVOLUTIONARY_PROCESS,4,4,27007634;32307073;38705616;39003021,2013.0;2020.0;2024.0,"('cyanobacteria', 'phylogenetic tree')",0
cyanobacteria,pst biosynthesis,SEMANTIC_CO_OCCURS,TAXON_GROUP,BIOLOGICAL_MECHANISM,4,4,19331657;26316331;26417864;30983320,2009.0;2015.0;2016.0;2019.0,"('cyanobacteria', 'pst biosynthesis')",0
cyanobacteria,pst-producing,SEMANTIC_CO_OCCURS,TAXON_GROUP,TOXIN_PHENOTYPE,4,4,21376073;23457475;30502809;32307073,2011.0;2013.0;2018.0;2020.0,"('cyanobacteria', 'pst-producing')",0
cyanobacteria,upregulated,SEMANTIC_CO_OCCURS,TAXON_GROUP,REGULATION_EXPRESSION,4,4,21710505;30792397;33631698;41334952,2013.0;2019.0;2021.0;2025.0,"('cyanobacteria', 'upregulated')",0
environmental conditions,toxin production,ENV_FACTOR_ASSOCIATED_WITH_TOXIN,TOXIN,ENV_FACTOR,4,4,24956074;27418325;29933577;30170723,2014.0;2016.0;2018.0,"('environmental conditions', 'toxin production')",0
evolution,secondary metabolites,SEMANTIC_CO_OCCURS,BIOSYNTHETIC_SYSTEM;EVOLUTIONARY_PROCESS,BIOSYNTHETIC_SYSTEM;EVOLUTIONARY_PROCESS,4,4,21076133;22628533;26316331;34023075,2011.0;2013.0;2016.0;2021.0,"('evolution', 'secondary metabolites')",0
gene expression,nitrogen,SEMANTIC_CO_OCCURS,REGULATION_EXPRESSION,ENV_FACTOR,4,4,24956074;29957289;40209228;41334952,2014.0;2018.0;2025.0,"('gene expression', 'nitrogen')",0
gene transfer,paralytic shellfish poisoning,SEMANTIC_CO_OCCURS,TOXIN,EVOLUTIONARY_PROCESS,4,4,18487408;18850059;19331657;23966031,2008.0;2009.0;2013.0,"('gene transfer', 'paralytic shellfish poisoning')",0
gonyautoxins,sxta,GENE_ASSOCIATED_WITH_TOXIN,GENE,TOXIN,4,4,20048055;27907126;29705145;33526182,2010.0;2016.0;2018.0;2021.0,"('gonyautoxins', 'sxta')",0
homology,saxitoxin,SEMANTIC_CO_OCCURS,TOXIN,EVOLUTIONARY_PROCESS,4,4,18487408;33298362;35198665;38705616,2008.0;2020.0;2022.0;2024.0,"('homology', 'saxitoxin')",0
neosaxitoxin,toxin producing,SEMANTIC_CO_OCCURS,TOXIN;TOXIN_PHENOTYPE,TOXIN;TOXIN_PHENOTYPE,4,4,10414862;27907126;29705145,1999.0;2016.0;2018.0,"('neosaxitoxin', 'toxin producing')",0
nitrogen,secondary metabolites,SEMANTIC_CO_OCCURS,BIOSYNTHETIC_SYSTEM,ENV_FACTOR,4,4,21076133;31358272;34023075;37164563,2011.0;2019.0;2021.0;2023.0,"('nitrogen', 'secondary metabolites')",0
ph,phosphorus,SEMANTIC_CO_OCCURS,ENV_FACTOR,ENV_FACTOR,4,4,21985090;32090402;38244903;41867601,2011.0;2020.0;2024.0;2026.0,"('ph', 'phosphorus')",0
toxic cyanobacteria,toxin producing,SEMANTIC_CO_OCCURS,TAXON_GROUP;TOXIN_PHENOTYPE,TAXON_GROUP;TOXIN_PHENOTYPE,4,4,10414862;16650472;18461783;24275084,1999.0;2006.0;2008.0;2014.0,"('toxic cyanobacteria', 'toxin producing')",0
nitrogen,nitrogen limitation,SEMANTIC_CO_OCCURS,ENV_FACTOR,ENV_FACTOR,4,3,26239440;29791446;37888642,2015.0;2018.0;2023.0,"('nitrogen', 'nitrogen limitation')",0
secondary metabolites,temperature,SEMANTIC_CO_OCCURS,BIOSYNTHETIC_SYSTEM,ENV_FACTOR,4,3,30104548;31358272;39265222,2018.0;2019.0;2024.0,"('secondary metabolites', 'temperature')",0
evolution,homologs,SEMANTIC_CO_OCCURS,EVOLUTIONARY_PROCESS,EVOLUTIONARY_PROCESS,4,2,22628533;23966031,2013.0,"('evolution', 'homologs')",0
alexandrium catenella,toxin-producing,SEMANTIC_CO_OCCURS,SPECIES,TOXIN_PHENOTYPE,3,3,25421324;26417864;28678186,2014.0;2015.0;2017.0,"('alexandrium catenella', 'toxin-producing')",0
ancestral,cyanobacteria,SEMANTIC_CO_OCCURS,TAXON_GROUP,EVOLUTIONARY_PROCESS,3,3,18487408;18850059;32307073,2008.0;2020.0,"('ancestral', 'cyanobacteria')",0
arginine,dinoflagellates,SEMANTIC_CO_OCCURS,TAXON_GROUP,BIOLOGICAL_MECHANISM,3,3,26239440;27817832;33084210,2015.0;2016.0;2021.0,"('arginine', 'dinoflagellates')",0
arginine,paralytic shellfish toxins,TOXIN_MECHANISM_RELATION,TOXIN,BIOLOGICAL_MECHANISM,3,3,26239440;27817832;33084210,2015.0;2016.0;2021.0,"('arginine', 'paralytic shellfish toxins')",0
biosynthesis,climate change,SEMANTIC_CO_OCCURS,ENV_FACTOR,BIOLOGICAL_MECHANISM,3,3,35622541;35902522;38943258,2022.0;2023.0;2024.0,"('biosynthesis', 'climate change')",0
biosynthesis,homology,SEMANTIC_CO_OCCURS,EVOLUTIONARY_PROCESS,BIOLOGICAL_MECHANISM,3,3,18487408;27474710;35198665,2008.0;2016.0;2022.0,"('biosynthesis', 'homology')",0
biosynthesis,light,SEMANTIC_CO_OCCURS,ENV_FACTOR,BIOLOGICAL_MECHANISM,3,3,23892224;25421324;25825710,2013.0;2014.0;2015.0,"('biosynthesis', 'light')",0
biosynthesis,sxto,GENE_MECHANISM_RELATION,GENE,BIOLOGICAL_MECHANISM,3,3,25421324;30296060;32307073,2014.0;2018.0;2020.0,"('biosynthesis', 'sxto')",0
biosynthesis,sxtx,GENE_MECHANISM_RELATION,GENE,BIOLOGICAL_MECHANISM,3,3,28797629;36689843;40209228,2017.0;2023.0;2025.0,"('biosynthesis', 'sxtx')",0
biosynthesis,sxtz,GENE_MECHANISM_RELATION,GENE,BIOLOGICAL_MECHANISM,3,3,19484122;25421324;32307073,2009.0;2014.0;2020.0,"('biosynthesis', 'sxtz')",0
biosynthetic pathway,horizontal gene transfer,SEMANTIC_CO_OCCURS,BIOSYNTHETIC_SYSTEM,EVOLUTIONARY_PROCESS,3,3,18850059;19331657;23966031,2008.0;2009.0;2013.0,"('biosynthetic pathway', 'horizontal gene transfer')",0
biosynthetic pathway,metabolic pathways,SEMANTIC_CO_OCCURS,BIOSYNTHETIC_SYSTEM,BIOSYNTHETIC_SYSTEM,3,3,18850059;19331657;35323466,2008.0;2009.0;2022.0,"('biosynthetic pathway', 'metabolic pathways')",0
biosynthetic pathways,saxitoxin,SEMANTIC_CO_OCCURS,BIOSYNTHETIC_SYSTEM,TOXIN,3,3,19660486;23051004;32290496,2010.0;2013.0;2020.0,"('biosynthetic pathways', 'saxitoxin')",0
conservation,cyanobacteria,SEMANTIC_CO_OCCURS,TAXON_GROUP,EVOLUTIONARY_PROCESS,3,3,23457475;37951618;39195450,2013.0;2023.0;2024.0,"('conservation', 'cyanobacteria')",0
cyanobacteria,divergent,SEMANTIC_CO_OCCURS,TAXON_GROUP,EVOLUTIONARY_PROCESS,3,3,29027912;33298362;39545400,2017.0;2020.0;2025.0,"('cyanobacteria', 'divergent')",0
cyanobacteria,downregulated,SEMANTIC_CO_OCCURS,TAXON_GROUP,REGULATION_EXPRESSION,3,3,26568470;33631698;34974311,2016.0;2021.0;2022.0,"('cyanobacteria', 'downregulated')",0
cyanobacteria,metabolic pathway,SEMANTIC_CO_OCCURS,BIOSYNTHETIC_SYSTEM,TAXON_GROUP,3,3,18850059;19331657;30203964,2008.0;2009.0;2018.0,"('cyanobacteria', 'metabolic pathway')",0
cyanobacteria,methionine,SEMANTIC_CO_OCCURS,TAXON_GROUP,BIOLOGICAL_MECHANISM,3,3,19731715;26239440;39265222,2009.0;2015.0;2024.0,"('cyanobacteria', 'methionine')",0
cyanobacteria,pst producing,SEMANTIC_CO_OCCURS,TAXON_GROUP,TOXIN_PHENOTYPE,3,3,20714432;27569199;29705145,2010.0;2016.0;2018.0,"('cyanobacteria', 'pst producing')",0
cyanobacteria,pyrodinium bahamense,SEMANTIC_CO_OCCURS,SPECIES,TAXON_GROUP,3,3,19041661;33875183;35198665,2009.0;2021.0;2022.0,"('cyanobacteria', 'pyrodinium bahamense')",0
cyanobacteria,secondary metabolism,SEMANTIC_CO_OCCURS,BIOSYNTHETIC_SYSTEM,TAXON_GROUP,3,3,14718552;16650472;32290496,2004.0;2006.0;2020.0,"('cyanobacteria', 'secondary metabolism')",0
cyanobacteria,secondary metabolite,SEMANTIC_CO_OCCURS,BIOSYNTHETIC_SYSTEM,TAXON_GROUP,3,3,14718552;21076133;22304436,2004.0;2011.0;2012.0,"('cyanobacteria', 'secondary metabolite')",0
cyanobacteria,stx producing,SEMANTIC_CO_OCCURS,TAXON_GROUP,TOXIN_PHENOTYPE,3,3,14660387;22983012;39703858,2003.0;2012.0;2024.0,"('cyanobacteria', 'stx producing')",0
cyanobacteria,sxto,SEMANTIC_CO_OCCURS,GENE,TAXON_GROUP,3,3,25421324;30296060;32307073,2014.0;2018.0;2020.0,"('cyanobacteria', 'sxto')",0
cyanobacteria,transcriptional response,SEMANTIC_CO_OCCURS,TAXON_GROUP,REGULATION_EXPRESSION,3,3,26347118;29027918;41334952,2016.0;2017.0;2025.0,"('cyanobacteria', 'transcriptional response')",0
dcstx,neosaxitoxin,SEMANTIC_CO_OCCURS,TOXIN,TOXIN,3,3,20048055;28604648;29705145,2010.0;2017.0;2018.0,"('dcstx', 'neosaxitoxin')",0
dcstx,neostx,SEMANTIC_CO_OCCURS,TOXIN,TOXIN,3,3,10858510;16646002;28604648,2000.0;2006.0;2017.0,"('dcstx', 'neostx')",0
dcstx,sxta,GENE_ASSOCIATED_WITH_TOXIN,GENE,TOXIN,3,3,20048055;29705145;30502809,2010.0;2018.0,"('dcstx', 'sxta')",0
dcstx,toxin production,SEMANTIC_CO_OCCURS,TOXIN,TOXIN,3,3,10858510;22960450;38786590,2000.0;2012.0;2024.0,"('dcstx', 'toxin production')",0
decarbamoylsaxitoxin,gonyautoxins,SEMANTIC_CO_OCCURS,TOXIN,TOXIN,3,3,20048055;28604648;29705145,2010.0;2017.0;2018.0,"('decarbamoylsaxitoxin', 'gonyautoxins')",0
decarbamoylsaxitoxin,paralytic shellfish toxins,SEMANTIC_CO_OCCURS,TOXIN,TOXIN,3,3,22960450;24334673;29705145,2012.0;2014.0;2018.0,"('decarbamoylsaxitoxin', 'paralytic shellfish toxins')",0
decarbamoylsaxitoxin,sxta,GENE_ASSOCIATED_WITH_TOXIN,GENE,TOXIN,3,3,20048055;24334673;29705145,2010.0;2014.0;2018.0,"('decarbamoylsaxitoxin', 'sxta')",0
dinoflagellates,divergent,SEMANTIC_CO_OCCURS,TAXON_GROUP,EVOLUTIONARY_PROCESS,3,3,29027912;33298362;39545400,2017.0;2020.0;2025.0,"('dinoflagellates', 'divergent')",0
dinoflagellates,homology,SEMANTIC_CO_OCCURS,TAXON_GROUP,EVOLUTIONARY_PROCESS,3,3,33298362;35198665;38705616,2020.0;2022.0;2024.0,"('dinoflagellates', 'homology')",0
divergent,saxitoxin,SEMANTIC_CO_OCCURS,TOXIN,EVOLUTIONARY_PROCESS,3,3,29027912;33298362;39545400,2017.0;2020.0;2025.0,"('divergent', 'saxitoxin')",0
downregulated,oxidative stress,SEMANTIC_CO_OCCURS,REGULATION_EXPRESSION,ENV_FACTOR,3,3,26568470;33631698;34974311,2016.0;2021.0;2022.0,"('downregulated', 'oxidative stress')",0
environmental factors,ph,SEMANTIC_CO_OCCURS,ENV_FACTOR,ENV_FACTOR,3,3,32732056;38244903;38393148,2020.0;2024.0,"('environmental factors', 'ph')",0
environmental factors,phosphorus,SEMANTIC_CO_OCCURS,ENV_FACTOR,ENV_FACTOR,3,3,24333522;31358272;38244903,2014.0;2019.0;2024.0,"('environmental factors', 'phosphorus')",0
evolution,nitrogen,SEMANTIC_CO_OCCURS,EVOLUTIONARY_PROCESS,ENV_FACTOR,3,3,21076133;23892224;34023075,2011.0;2013.0;2021.0,"('evolution', 'nitrogen')",0
gene expression,phosphorus,SEMANTIC_CO_OCCURS,REGULATION_EXPRESSION,ENV_FACTOR,3,3,29957289;40209228;41334952,2018.0;2025.0,"('gene expression', 'phosphorus')",0
horizontal gene transfer,paralytic shellfish poisoning,SEMANTIC_CO_OCCURS,TOXIN,EVOLUTIONARY_PROCESS,3,3,18850059;19331657;23966031,2008.0;2009.0;2013.0,"('horizontal gene transfer', 'paralytic shellfish poisoning')",0
light,stx-producing,SEMANTIC_CO_OCCURS,TOXIN_PHENOTYPE,ENV_FACTOR,3,3,14660387;15294806;34200983,2003.0;2004.0;2021.0,"('light', 'stx-producing')",0
neosaxitoxin,oxidative stress,ENV_FACTOR_ASSOCIATED_WITH_TOXIN,TOXIN,ENV_FACTOR,3,3,25456236;25544652;27424100,2014.0;2015.0;2016.0,"('neosaxitoxin', 'oxidative stress')",0
nontoxic,ph,SEMANTIC_CO_OCCURS,TOXIN_PHENOTYPE,ENV_FACTOR,3,3,15294806;19627483;36629970,2004.0;2009.0;2023.0,"('nontoxic', 'ph')",0
paralytic shellfish toxins,pst producing,SEMANTIC_CO_OCCURS,TOXIN,TOXIN_PHENOTYPE,3,3,20714432;27569199;29705145,2010.0;2016.0;2018.0,"('paralytic shellfish toxins', 'pst producing')",0
paralytic shellfish toxins,secondary metabolites,SEMANTIC_CO_OCCURS,TOXIN,BIOSYNTHETIC_SYSTEM,3,3,23423950;26316331;32058687,2013.0;2016.0;2020.0,"('paralytic shellfish toxins', 'secondary metabolites')",0
paralytic shellfish toxins,toxic cyanobacteria,SEMANTIC_CO_OCCURS,TAXON_GROUP,TOXIN,3,3,24956074;27956245;33875183,2014.0;2017.0;2021.0,"('paralytic shellfish toxins', 'toxic cyanobacteria')",0
paralytic shellfish toxins,transcriptional response,SEMANTIC_CO_OCCURS,TOXIN,REGULATION_EXPRESSION,3,3,23894552;26347118;41334952,2013.0;2016.0;2025.0,"('paralytic shellfish toxins', 'transcriptional response')",0
ph,stx-producing,SEMANTIC_CO_OCCURS,TOXIN_PHENOTYPE,ENV_FACTOR,3,3,15294806;19627483;38393148,2004.0;2009.0;2024.0,"('ph', 'stx-producing')",0
phylogenetic analysis,phylogeny,SEMANTIC_CO_OCCURS,EVOLUTIONARY_PROCESS,EVOLUTIONARY_PROCESS,3,3,10966445;18850059;27007634,2000.0;2008.0;2013.0,"('phylogenetic analysis', 'phylogeny')",0
pst producing,saxitoxin,SEMANTIC_CO_OCCURS,TOXIN,TOXIN_PHENOTYPE,3,3,20714432;27569199;29705145,2010.0;2016.0;2018.0,"('pst producing', 'saxitoxin')",0
saxitoxin,secondary metabolism,SEMANTIC_CO_OCCURS,BIOSYNTHETIC_SYSTEM,TOXIN,3,3,14718552;16650472;32290496,2004.0;2006.0;2020.0,"('saxitoxin', 'secondary metabolism')",0
saxitoxin,transcriptional response,SEMANTIC_CO_OCCURS,TOXIN,REGULATION_EXPRESSION,3,3,26347118;29027918;41334952,2016.0;2017.0;2025.0,"('saxitoxin', 'transcriptional response')",0
secondary metabolites,toxic cyanobacteria,SEMANTIC_CO_OCCURS,BIOSYNTHETIC_SYSTEM,TAXON_GROUP,3,3,22628533;23648386;24275084,2013.0;2014.0,"('secondary metabolites', 'toxic cyanobacteria')",0
secondary metabolites,toxin production,SEMANTIC_CO_OCCURS,BIOSYNTHETIC_SYSTEM,TOXIN,3,3,23648386;28737704;32290496,2013.0;2017.0;2020.0,"('secondary metabolites', 'toxin production')",0
sxt genes,sxtx,SEMANTIC_CO_OCCURS,GENE,GENE,3,3,28797629;36689843;40209228,2017.0;2023.0;2025.0,"('sxt genes', 'sxtx')",0
sxta,transcriptional response,REGULATION_GENE_RELATION,GENE,REGULATION_EXPRESSION,3,3,26347118;29027918;41334952,2016.0;2017.0;2025.0,"('sxta', 'transcriptional response')",0
alexandrium tamarense,homologs,SEMANTIC_CO_OCCURS,SPECIES,EVOLUTIONARY_PROCESS,3,2,21625593;22628533,2011.0;2013.0,"('alexandrium tamarense', 'homologs')",0
amidinotransferase,cyanobacteria,SEMANTIC_CO_OCCURS,GENE_DOMAIN,TAXON_GROUP,3,2,23335767;32058687,2013.0;2020.0,"('amidinotransferase', 'cyanobacteria')",0
biosynthesis,cell cycle,SEMANTIC_CO_OCCURS,BIOLOGICAL_MECHANISM,BIOLOGICAL_MECHANISM,3,2,26239440;28678186,2015.0;2017.0,"('biosynthesis', 'cell cycle')",0
biosynthesis,sxtt,GENE_MECHANISM_RELATION,GENE,BIOLOGICAL_MECHANISM,3,2,32532989;38270276,2020.0;2024.0,"('biosynthesis', 'sxtt')",0
gonyautoxins,sxt gene,GENE_ASSOCIATED_WITH_TOXIN,GENE,TOXIN,3,2,27907126;30296060,2016.0;2018.0,"('gonyautoxins', 'sxt gene')",0
neosaxitoxin,sxt gene,GENE_ASSOCIATED_WITH_TOXIN,GENE,TOXIN,3,2,27907126;30296060,2016.0;2018.0,"('neosaxitoxin', 'sxt gene')",0
sxt gene,sxtn,SEMANTIC_CO_OCCURS,GENE,GENE,3,2,27907126;30296060,2016.0;2018.0,"('sxt gene', 'sxtn')",0
sxt gene,toxin producing,SEMANTIC_CO_OCCURS,GENE,TOXIN_PHENOTYPE,3,1,27907126,2016.0,"('sxt gene', 'toxin producing')",0
acetate,arginine,SEMANTIC_CO_OCCURS,BIOLOGICAL_MECHANISM,BIOLOGICAL_MECHANISM,2,2,18487408;33084210,2008.0;2021.0,"('acetate', 'arginine')",0
acetate,biosynthesis,SEMANTIC_CO_OCCURS,BIOLOGICAL_MECHANISM,BIOLOGICAL_MECHANISM,2,2,18487408;33084210,2008.0;2021.0,"('acetate', 'biosynthesis')",0
acetate,cyanobacteria,SEMANTIC_CO_OCCURS,TAXON_GROUP,BIOLOGICAL_MECHANISM,2,2,18487408;33084210,2008.0;2021.0,"('acetate', 'cyanobacteria')",0
acetate,pks,SEMANTIC_CO_OCCURS,BIOSYNTHETIC_SYSTEM,BIOLOGICAL_MECHANISM,2,2,18487408;33084210,2008.0;2021.0,"('acetate', 'pks')",0
alexandrium,cell cycle,SEMANTIC_CO_OCCURS,TAXON_GROUP,BIOLOGICAL_MECHANISM,2,2,26239440;28678186,2015.0;2017.0,"('alexandrium', 'cell cycle')",0
alexandrium,homology,SEMANTIC_CO_OCCURS,TAXON_GROUP,EVOLUTIONARY_PROCESS,2,2,33298362;38705616,2020.0;2024.0,"('alexandrium', 'homology')",0
alexandrium fundyense,alexandrium minutum,SEMANTIC_CO_OCCURS,SPECIES,SPECIES,2,2,21625593;23335767,2011.0;2013.0,"('alexandrium fundyense', 'alexandrium minutum')",0
alexandrium ostenfeldii,cyanobacteria,SEMANTIC_CO_OCCURS,SPECIES,TAXON_GROUP,2,2,28040101;33875185,2014.0;2021.0,"('alexandrium ostenfeldii', 'cyanobacteria')",0
alexandrium tamarense,arginine,SEMANTIC_CO_OCCURS,SPECIES,BIOLOGICAL_MECHANISM,2,2,26239440;27817832,2015.0;2016.0,"('alexandrium tamarense', 'arginine')",0
amidinotransferase,sxtg,SEMANTIC_CO_OCCURS,GENE,GENE_DOMAIN,2,2,23335767;32058687,2013.0;2020.0,"('amidinotransferase', 'sxtg')",0
ancestral,biosynthesis,SEMANTIC_CO_OCCURS,EVOLUTIONARY_PROCESS,BIOLOGICAL_MECHANISM,2,2,18487408;32307073,2008.0;2020.0,"('ancestral', 'biosynthesis')",0
ancestral,biosynthetic pathway,SEMANTIC_CO_OCCURS,BIOSYNTHETIC_SYSTEM,EVOLUTIONARY_PROCESS,2,2,18487408;18850059,2008.0,"('ancestral', 'biosynthetic pathway')",0
ancestral,gene transfer,SEMANTIC_CO_OCCURS,EVOLUTIONARY_PROCESS,EVOLUTIONARY_PROCESS,2,2,18487408;18850059,2008.0,"('ancestral', 'gene transfer')",0
ancestral,paralytic shellfish poisoning,SEMANTIC_CO_OCCURS,TOXIN,EVOLUTIONARY_PROCESS,2,2,18487408;18850059,2008.0,"('ancestral', 'paralytic shellfish poisoning')",0
ancestral,phylogenetic analysis,SEMANTIC_CO_OCCURS,EVOLUTIONARY_PROCESS,EVOLUTIONARY_PROCESS,2,2,18850059;32307073,2008.0;2020.0,"('ancestral', 'phylogenetic analysis')",0
ancestral,saxitoxin,SEMANTIC_CO_OCCURS,TOXIN,EVOLUTIONARY_PROCESS,2,2,18487408;18850059,2008.0,"('ancestral', 'saxitoxin')",0
arginine,paralytic shellfish poisoning,TOXIN_MECHANISM_RELATION,TOXIN,BIOLOGICAL_MECHANISM,2,2,15342114;18487408,2004.0;2008.0,"('arginine', 'paralytic shellfish poisoning')",0
arginine,pks,SEMANTIC_CO_OCCURS,BIOSYNTHETIC_SYSTEM,BIOLOGICAL_MECHANISM,2,2,18487408;33084210,2008.0;2021.0,"('arginine', 'pks')",0
arginine,saxitoxin biosynthesis,SEMANTIC_CO_OCCURS,BIOLOGICAL_MECHANISM,BIOLOGICAL_MECHANISM,2,2,18487408;27817832,2008.0;2016.0,"('arginine', 'saxitoxin biosynthesis')",0
biosynthesis,biosynthetic pathways,SEMANTIC_CO_OCCURS,BIOSYNTHETIC_SYSTEM,BIOLOGICAL_MECHANISM,2,2,23051004;26568470,2013.0;2016.0,"('biosynthesis', 'biosynthetic pathways')",0
biosynthesis,decarbamoylsaxitoxin,TOXIN_MECHANISM_RELATION,TOXIN,BIOLOGICAL_MECHANISM,2,2,24334673;29705145,2014.0;2018.0,"('biosynthesis', 'decarbamoylsaxitoxin')",0
biosynthesis,divergent,SEMANTIC_CO_OCCURS,EVOLUTIONARY_PROCESS,BIOLOGICAL_MECHANISM,2,2,29027912;32532989,2017.0;2020.0,"('biosynthesis', 'divergent')",0
biosynthesis,gene loss,SEMANTIC_CO_OCCURS,GENE_PRESENCE_ABSENCE,BIOLOGICAL_MECHANISM,2,2,21076133;40209228,2011.0;2025.0,"('biosynthesis', 'gene loss')",0
biosynthesis,metabolic pathway,SEMANTIC_CO_OCCURS,BIOLOGICAL_MECHANISM,BIOSYNTHETIC_SYSTEM,2,2,18850059;19331657,2008.0;2009.0,"('biosynthesis', 'metabolic pathway')",0
biosynthesis,pst producing,SEMANTIC_CO_OCCURS,TOXIN_PHENOTYPE,BIOLOGICAL_MECHANISM,2,2,27569199;29705145,2016.0;2018.0,"('biosynthesis', 'pst producing')",0
biosynthesis,toxin producing,SEMANTIC_CO_OCCURS,TOXIN_PHENOTYPE,BIOLOGICAL_MECHANISM,2,2,26417864;29705145,2015.0;2018.0,"('biosynthesis', 'toxin producing')",0
biosynthesis,transcriptional response,SEMANTIC_CO_OCCURS,REGULATION_EXPRESSION,BIOLOGICAL_MECHANISM,2,2,26347118;29027918,2016.0;2017.0,"('biosynthesis', 'transcriptional response')",0
biosynthesis,up-regulated,SEMANTIC_CO_OCCURS,REGULATION_EXPRESSION,BIOLOGICAL_MECHANISM,2,2,25421324;28073499,2014.0;2016.0,"('biosynthesis', 'up-regulated')",0
biosynthetic pathway,metabolic pathway,SEMANTIC_CO_OCCURS,BIOSYNTHETIC_SYSTEM,BIOSYNTHETIC_SYSTEM,2,2,18850059;19331657,2008.0;2009.0,"('biosynthetic pathway', 'metabolic pathway')",0
biosynthetic pathway,phylogeny,SEMANTIC_CO_OCCURS,BIOSYNTHETIC_SYSTEM,EVOLUTIONARY_PROCESS,2,2,18850059;19331657,2008.0;2009.0,"('biosynthetic pathway', 'phylogeny')",0
biosynthetic pathway,precursor,SEMANTIC_CO_OCCURS,BIOSYNTHETIC_SYSTEM,BIOLOGICAL_MECHANISM,2,2,18850059;29390180,2008.0;2018.0,"('biosynthetic pathway', 'precursor')",0
carbon dioxide,light,SEMANTIC_CO_OCCURS,ENV_FACTOR,ENV_FACTOR,2,2,28073481;29957289,2016.0;2018.0,"('carbon dioxide', 'light')",0
cell cycle,dinoflagellates,SEMANTIC_CO_OCCURS,TAXON_GROUP,BIOLOGICAL_MECHANISM,2,2,26239440;28678186,2015.0;2017.0,"('cell cycle', 'dinoflagellates')",0
cell cycle,paralytic shellfish toxins,TOXIN_MECHANISM_RELATION,TOXIN,BIOLOGICAL_MECHANISM,2,2,26239440;28678186,2015.0;2017.0,"('cell cycle', 'paralytic shellfish toxins')",0
cell cycle,saxitoxin,TOXIN_MECHANISM_RELATION,TOXIN,BIOLOGICAL_MECHANISM,2,2,36477823;40401712,2022.0;2025.0,"('cell cycle', 'saxitoxin')",0
cell cycle,toxin content,TOXIN_MECHANISM_RELATION,TOXIN,BIOLOGICAL_MECHANISM,2,2,26239440;28678186,2015.0;2017.0,"('cell cycle', 'toxin content')",0
clade,conservation,SEMANTIC_CO_OCCURS,EVOLUTIONARY_PROCESS,EVOLUTIONARY_PROCESS,2,2,23457475;37951618,2013.0;2023.0,"('clade', 'conservation')",0
clade,phylogenetic tree,SEMANTIC_CO_OCCURS,EVOLUTIONARY_PROCESS,EVOLUTIONARY_PROCESS,2,2,32307073;39003021,2020.0;2024.0,"('clade', 'phylogenetic tree')",0
clade,secondary metabolites,SEMANTIC_CO_OCCURS,BIOSYNTHETIC_SYSTEM,EVOLUTIONARY_PROCESS,2,2,32290496;37164563,2020.0;2023.0,"('clade', 'secondary metabolites')",0
climate change,secondary metabolites,SEMANTIC_CO_OCCURS,BIOSYNTHETIC_SYSTEM,ENV_FACTOR,2,2,37394567;39265222,2023.0;2024.0,"('climate change', 'secondary metabolites')",0
climate change,toxic cyanobacteria,SEMANTIC_CO_OCCURS,TAXON_GROUP,ENV_FACTOR,2,2,36136576;39703700,2022.0,"('climate change', 'toxic cyanobacteria')",0
climate change,toxin production,ENV_FACTOR_ASSOCIATED_WITH_TOXIN,TOXIN,ENV_FACTOR,2,2,28073477;35622541,2016.0;2022.0,"('climate change', 'toxin production')",0
conservation,conserved,SEMANTIC_CO_OCCURS,EVOLUTIONARY_PROCESS,EVOLUTIONARY_PROCESS,2,2,21076133;23457475,2011.0;2013.0,"('conservation', 'conserved')",0
conservation,saxitoxin,SEMANTIC_CO_OCCURS,TOXIN,EVOLUTIONARY_PROCESS,2,2,37951618;39195450,2023.0;2024.0,"('conservation', 'saxitoxin')",0
conserved,nitrogen,SEMANTIC_CO_OCCURS,EVOLUTIONARY_PROCESS,ENV_FACTOR,2,2,21076133;26568470,2011.0;2016.0,"('conserved', 'nitrogen')",0
conserved,sxtn,EVOLUTION_GENE_RELATION,GENE,EVOLUTIONARY_PROCESS,2,2,27907126;40449983,2016.0;2025.0,"('conserved', 'sxtn')",0
cyanobacteria,evolutionary relationship,SEMANTIC_CO_OCCURS,TAXON_GROUP,EVOLUTIONARY_PROCESS,2,2,26316331;32307073,2016.0;2020.0,"('cyanobacteria', 'evolutionary relationship')",0
cyanobacteria,hgt,SEMANTIC_CO_OCCURS,TAXON_GROUP,EVOLUTIONARY_PROCESS,2,2,19484122;39003021,2009.0;2024.0,"('cyanobacteria', 'hgt')",0
cyanobacteria,nitrogen limitation,SEMANTIC_CO_OCCURS,ENV_FACTOR,TAXON_GROUP,2,2,26239440;37888642,2015.0;2023.0,"('cyanobacteria', 'nitrogen limitation')",0
cyanobacteria,stx biosynthesis gene,SEMANTIC_CO_OCCURS,TAXON_GROUP,GENE,2,2,20935128;40209228,2010.0;2025.0,"('cyanobacteria', 'stx biosynthesis gene')",0
cyanobacteria,sxty,SEMANTIC_CO_OCCURS,GENE,TAXON_GROUP,2,2,32307073;40449983,2020.0;2025.0,"('cyanobacteria', 'sxty')",0
cyanobacteria,sxtz,SEMANTIC_CO_OCCURS,GENE,TAXON_GROUP,2,2,25421324;32307073,2014.0;2020.0,"('cyanobacteria', 'sxtz')",0
dcstx,dinoflagellates,SEMANTIC_CO_OCCURS,TAXON_GROUP,TOXIN,2,2,22960450;28604648,2012.0;2017.0,"('dcstx', 'dinoflagellates')",0
dcstx,toxin content,SEMANTIC_CO_OCCURS,TOXIN,TOXIN,2,2,16646002;38786590,2006.0;2024.0,"('dcstx', 'toxin content')",0
decarbamoylsaxitoxin,dinoflagellates,SEMANTIC_CO_OCCURS,TAXON_GROUP,TOXIN,2,2,22960450;28604648,2012.0;2017.0,"('decarbamoylsaxitoxin', 'dinoflagellates')",0
decarbamoylsaxitoxin,paralytic shellfish poisoning,SEMANTIC_CO_OCCURS,TOXIN,TOXIN,2,2,20048055;24334673,2010.0;2014.0,"('decarbamoylsaxitoxin', 'paralytic shellfish poisoning')",0
decarbamoylsaxitoxin,toxin production,SEMANTIC_CO_OCCURS,TOXIN,TOXIN,2,2,22960450;38786590,2012.0;2024.0,"('decarbamoylsaxitoxin', 'toxin production')",0
decarbamoylsaxitoxin,toxin-producing,SEMANTIC_CO_OCCURS,TOXIN_PHENOTYPE,TOXIN,2,2,20048055;24334673,2010.0;2014.0,"('decarbamoylsaxitoxin', 'toxin-producing')",0
dinoflagellates,metabolic pathway,SEMANTIC_CO_OCCURS,BIOSYNTHETIC_SYSTEM,TAXON_GROUP,2,2,18850059;19331657,2008.0;2009.0,"('dinoflagellates', 'metabolic pathway')",0
dinoflagellates,methionine,SEMANTIC_CO_OCCURS,TAXON_GROUP,BIOLOGICAL_MECHANISM,2,2,19731715;26239440,2009.0;2015.0,"('dinoflagellates', 'methionine')",0
divergence,paralytic shellfish toxins,SEMANTIC_CO_OCCURS,TOXIN,EVOLUTIONARY_PROCESS,2,2,32307073;32456077,2020.0,"('divergence', 'paralytic shellfish toxins')",0
divergence,phylogenetic analysis,SEMANTIC_CO_OCCURS,EVOLUTIONARY_PROCESS,EVOLUTIONARY_PROCESS,2,2,32307073;40449983,2020.0;2025.0,"('divergence', 'phylogenetic analysis')",0
divergent,paralytic shellfish toxins,SEMANTIC_CO_OCCURS,TOXIN,EVOLUTIONARY_PROCESS,2,2,29027912;39545400,2017.0;2025.0,"('divergent', 'paralytic shellfish toxins')",0
downregulated,saxitoxin,SEMANTIC_CO_OCCURS,TOXIN,REGULATION_EXPRESSION,2,2,26568470;34974311,2016.0;2022.0,"('downregulated', 'saxitoxin')",0
environmental conditions,environmental factors,SEMANTIC_CO_OCCURS,ENV_FACTOR,ENV_FACTOR,2,2,22429476;38401471,2013.0;2024.0,"('environmental conditions', 'environmental factors')",0
environmental conditions,evolution,SEMANTIC_CO_OCCURS,EVOLUTIONARY_PROCESS,ENV_FACTOR,2,2,21076133;27418325,2011.0;2016.0,"('environmental conditions', 'evolution')",0
environmental conditions,saxitoxin biosynthesis,SEMANTIC_CO_OCCURS,ENV_FACTOR,BIOLOGICAL_MECHANISM,2,2,22081581;36689843,2012.0;2023.0,"('environmental conditions', 'saxitoxin biosynthesis')",0
environmental factors,light,SEMANTIC_CO_OCCURS,ENV_FACTOR,ENV_FACTOR,2,2,23892224;24333522,2013.0;2014.0,"('environmental factors', 'light')",0
environmental factors,toxin production,ENV_FACTOR_ASSOCIATED_WITH_TOXIN,TOXIN,ENV_FACTOR,2,2,18461783;32732056,2008.0;2020.0,"('environmental factors', 'toxin production')",0
evolution,metabolic pathways,SEMANTIC_CO_OCCURS,BIOSYNTHETIC_SYSTEM,EVOLUTIONARY_PROCESS,2,2,19331657;20479965,2009.0;2010.0,"('evolution', 'metabolic pathways')",0
evolution,phylogeny,SEMANTIC_CO_OCCURS,EVOLUTIONARY_PROCESS,EVOLUTIONARY_PROCESS,2,2,19118969;19331657,2009.0,"('evolution', 'phylogeny')",0
evolution,pst biosynthesis,SEMANTIC_CO_OCCURS,EVOLUTIONARY_PROCESS,BIOLOGICAL_MECHANISM,2,2,19331657;26316331,2009.0;2016.0,"('evolution', 'pst biosynthesis')",0
evolutionary relationship,paralytic shellfish toxins,SEMANTIC_CO_OCCURS,TOXIN,EVOLUTIONARY_PROCESS,2,2,26316331;32307073,2016.0;2020.0,"('evolutionary relationship', 'paralytic shellfish toxins')",0
gene expression,light,SEMANTIC_CO_OCCURS,REGULATION_EXPRESSION,ENV_FACTOR,2,2,29957289;38928005,2018.0;2024.0,"('gene expression', 'light')",0
gene expression,sxt genes,REGULATION_GENE_RELATION,GENE,REGULATION_EXPRESSION,2,2,40209228;40449983,2025.0,"('gene expression', 'sxt genes')",0
gene expression,toxin producing,SEMANTIC_CO_OCCURS,TOXIN_PHENOTYPE,REGULATION_EXPRESSION,2,2,16650472;18461783,2006.0;2008.0,"('gene expression', 'toxin producing')",0
gene loss,gene transfer,SEMANTIC_CO_OCCURS,GENE_PRESENCE_ABSENCE,EVOLUTIONARY_PROCESS,2,2,21076133;40209228,2011.0;2025.0,"('gene loss', 'gene transfer')",0
gene loss,horizontal gene transfer,SEMANTIC_CO_OCCURS,GENE_PRESENCE_ABSENCE,EVOLUTIONARY_PROCESS,2,2,21076133;40209228,2011.0;2025.0,"('gene loss', 'horizontal gene transfer')",0
gene loss,nitrogen,SEMANTIC_CO_OCCURS,GENE_PRESENCE_ABSENCE,ENV_FACTOR,2,2,21076133;40209228,2011.0;2025.0,"('gene loss', 'nitrogen')",0
gene transfer,homology,SEMANTIC_CO_OCCURS,EVOLUTIONARY_PROCESS,EVOLUTIONARY_PROCESS,2,2,18487408;38705616,2008.0;2024.0,"('gene transfer', 'homology')",0
gene transfer,metabolic pathway,SEMANTIC_CO_OCCURS,BIOSYNTHETIC_SYSTEM,EVOLUTIONARY_PROCESS,2,2,18850059;19331657,2008.0;2009.0,"('gene transfer', 'metabolic pathway')",0
gene transfer,metabolic pathways,SEMANTIC_CO_OCCURS,BIOSYNTHETIC_SYSTEM,EVOLUTIONARY_PROCESS,2,2,18850059;19331657,2008.0;2009.0,"('gene transfer', 'metabolic pathways')",0
gene transfer,nitrogen,SEMANTIC_CO_OCCURS,EVOLUTIONARY_PROCESS,ENV_FACTOR,2,2,21076133;40209228,2011.0;2025.0,"('gene transfer', 'nitrogen')",0
gene transfer,paralytic shellfish toxins,SEMANTIC_CO_OCCURS,TOXIN,EVOLUTIONARY_PROCESS,2,2,19331657;39545400,2009.0;2025.0,"('gene transfer', 'paralytic shellfish toxins')",0
gene transfer,stx biosynthesis genes,EVOLUTION_GENE_RELATION,GENE,EVOLUTIONARY_PROCESS,2,2,38705616;40209228,2024.0;2025.0,"('gene transfer', 'stx biosynthesis genes')",0
gonyautoxins,sxtn,GENE_ASSOCIATED_WITH_TOXIN,GENE,TOXIN,2,2,27907126;30296060,2016.0;2018.0,"('gonyautoxins', 'sxtn')",0
gonyautoxins,toxin producing,SEMANTIC_CO_OCCURS,TOXIN_PHENOTYPE,TOXIN,2,2,27907126;29705145,2016.0;2018.0,"('gonyautoxins', 'toxin producing')",0
homology,paralytic shellfish toxins,SEMANTIC_CO_OCCURS,TOXIN,EVOLUTIONARY_PROCESS,2,2,27474710;2987916,1985.0;2016.0,"('homology', 'paralytic shellfish toxins')",0
homology,saxitoxin biosynthesis,SEMANTIC_CO_OCCURS,EVOLUTIONARY_PROCESS,BIOLOGICAL_MECHANISM,2,2,18487408;35198665,2008.0;2022.0,"('homology', 'saxitoxin biosynthesis')",0
homology,saxitoxin biosynthesis genes,EVOLUTION_GENE_RELATION,GENE,EVOLUTIONARY_PROCESS,2,2,35198665;38705616,2022.0;2024.0,"('homology', 'saxitoxin biosynthesis genes')",0
homology,sxta,EVOLUTION_GENE_RELATION,GENE,EVOLUTIONARY_PROCESS,2,2,33298362;38705616,2020.0;2024.0,"('homology', 'sxta')",0
horizontal gene transfer,metabolic pathway,SEMANTIC_CO_OCCURS,BIOSYNTHETIC_SYSTEM,EVOLUTIONARY_PROCESS,2,2,18850059;19331657,2008.0;2009.0,"('horizontal gene transfer', 'metabolic pathway')",0
horizontal gene transfer,metabolic pathways,SEMANTIC_CO_OCCURS,BIOSYNTHETIC_SYSTEM,EVOLUTIONARY_PROCESS,2,2,18850059;19331657,2008.0;2009.0,"('horizontal gene transfer', 'metabolic pathways')",0
horizontal gene transfer,nitrogen,SEMANTIC_CO_OCCURS,EVOLUTIONARY_PROCESS,ENV_FACTOR,2,2,21076133;40209228,2011.0;2025.0,"('horizontal gene transfer', 'nitrogen')",0
horizontal gene transfer,paralytic shellfish toxins,SEMANTIC_CO_OCCURS,TOXIN,EVOLUTIONARY_PROCESS,2,2,19331657;39545400,2009.0;2025.0,"('horizontal gene transfer', 'paralytic shellfish toxins')",0
horizontal gene transfer,stx biosynthesis genes,EVOLUTION_GENE_RELATION,GENE,EVOLUTIONARY_PROCESS,2,2,38705616;40209228,2024.0;2025.0,"('horizontal gene transfer', 'stx biosynthesis genes')",0
light,sxta,ENV_FACTOR_ASSOCIATED_WITH_GENE,GENE,ENV_FACTOR,2,2,25421324;34520086,2014.0;2021.0,"('light', 'sxta')",0
light,toxic cyanobacteria,SEMANTIC_CO_OCCURS,TAXON_GROUP,ENV_FACTOR,2,2,34520086;38786590,2021.0;2024.0,"('light', 'toxic cyanobacteria')",0
light,toxin production,ENV_FACTOR_ASSOCIATED_WITH_TOXIN,TOXIN,ENV_FACTOR,2,2,34200983;38786590,2021.0;2024.0,"('light', 'toxin production')",0
metabolic pathway,metabolic pathways,SEMANTIC_CO_OCCURS,BIOSYNTHETIC_SYSTEM,BIOSYNTHETIC_SYSTEM,2,2,18850059;19331657,2008.0;2009.0,"('metabolic pathway', 'metabolic pathways')",0
metabolic pathway,paralytic shellfish poisoning,SEMANTIC_CO_OCCURS,BIOSYNTHETIC_SYSTEM,TOXIN,2,2,18850059;19331657,2008.0;2009.0,"('metabolic pathway', 'paralytic shellfish poisoning')",0
metabolic pathway,phylogeny,SEMANTIC_CO_OCCURS,BIOSYNTHETIC_SYSTEM,EVOLUTIONARY_PROCESS,2,2,18850059;19331657,2008.0;2009.0,"('metabolic pathway', 'phylogeny')",0
metabolic pathways,phylogeny,SEMANTIC_CO_OCCURS,BIOSYNTHETIC_SYSTEM,EVOLUTIONARY_PROCESS,2,2,18850059;19331657,2008.0;2009.0,"('metabolic pathways', 'phylogeny')",0
methionine,saxitoxin,TOXIN_MECHANISM_RELATION,TOXIN,BIOLOGICAL_MECHANISM,2,2,19731715;39265222,2009.0;2024.0,"('methionine', 'saxitoxin')",0
neosaxitoxin,ph,ENV_FACTOR_ASSOCIATED_WITH_TOXIN,TOXIN,ENV_FACTOR,2,2,25046082;6814018,1982.0;2014.0,"('neosaxitoxin', 'ph')",0
neosaxitoxin,saxitoxin biosynthesis,TOXIN_MECHANISM_RELATION,TOXIN,BIOLOGICAL_MECHANISM,2,2,29705145;40209228,2018.0;2025.0,"('neosaxitoxin', 'saxitoxin biosynthesis')",0
neosaxitoxin,sxtn,GENE_ASSOCIATED_WITH_TOXIN,GENE,TOXIN,2,2,27907126;30296060,2016.0;2018.0,"('neosaxitoxin', 'sxtn')",0
neosaxitoxin,temperature,ENV_FACTOR_ASSOCIATED_WITH_TOXIN,TOXIN,ENV_FACTOR,2,2,24334673;40209228,2014.0;2025.0,"('neosaxitoxin', 'temperature')",0
neosaxitoxin,toxic cyanobacteria,SEMANTIC_CO_OCCURS,TAXON_GROUP,TOXIN,2,2,10414862;16879849,1999.0;2006.0,"('neosaxitoxin', 'toxic cyanobacteria')",0
neosaxitoxin,toxin-producing,SEMANTIC_CO_OCCURS,TOXIN_PHENOTYPE,TOXIN,2,2,20048055;24334673,2010.0;2014.0,"('neosaxitoxin', 'toxin-producing')",0
neosaxitoxin,upregulated,SEMANTIC_CO_OCCURS,TOXIN,REGULATION_EXPRESSION,2,2,21710505;31408752,2013.0;2019.0,"('neosaxitoxin', 'upregulated')",0
nitrogen,nitrogen,SEMANTIC_CO_OCCURS,ENV_FACTOR,ENV_FACTOR,2,2,29791446;30792397,2018.0;2019.0,"('nitrogen', 'nitrogen')",0
nitrogen,sxtx,ENV_FACTOR_ASSOCIATED_WITH_GENE,GENE,ENV_FACTOR,2,2,36689843;40209228,2023.0;2025.0,"('nitrogen', 'sxtx')",0
nitrogen,transcriptional response,SEMANTIC_CO_OCCURS,REGULATION_EXPRESSION,ENV_FACTOR,2,2,29027918;41334952,2017.0;2025.0,"('nitrogen', 'transcriptional response')",0
nitrogen,transcriptional responses,SEMANTIC_CO_OCCURS,REGULATION_EXPRESSION,ENV_FACTOR,2,2,23894552;28073499,2013.0;2016.0,"('nitrogen', 'transcriptional responses')",0
nitrogen,upregulated,SEMANTIC_CO_OCCURS,REGULATION_EXPRESSION,ENV_FACTOR,2,2,30792397;41334952,2019.0;2025.0,"('nitrogen', 'upregulated')",0
nitrogen limitation,paralytic shellfish toxins,ENV_FACTOR_ASSOCIATED_WITH_TOXIN,ENV_FACTOR,TOXIN,2,2,26239440;37888642,2015.0;2023.0,"('nitrogen limitation', 'paralytic shellfish toxins')",0
nitrogen limitation,phosphorus,SEMANTIC_CO_OCCURS,ENV_FACTOR,ENV_FACTOR,2,2,26239440;29791446,2015.0;2018.0,"('nitrogen limitation', 'phosphorus')",0
nitrogen limitation,saxitoxin,ENV_FACTOR_ASSOCIATED_WITH_TOXIN,ENV_FACTOR,TOXIN,2,2,29791446;37888642,2018.0;2023.0,"('nitrogen limitation', 'saxitoxin')",0
nontoxic,stx-producing,SEMANTIC_CO_OCCURS,TOXIN_PHENOTYPE,TOXIN_PHENOTYPE,2,2,15294806;19627483,2004.0;2009.0,"('nontoxic', 'stx-producing')",0
nontoxic,temperature,SEMANTIC_CO_OCCURS,TOXIN_PHENOTYPE,ENV_FACTOR,2,2,33401417;36629970,2021.0;2023.0,"('nontoxic', 'temperature')",0
oxidative stress,paralytic shellfish poisoning,ENV_FACTOR_ASSOCIATED_WITH_TOXIN,TOXIN,ENV_FACTOR,2,2,25544652;27424100,2015.0;2016.0,"('oxidative stress', 'paralytic shellfish poisoning')",0
oxidative stress,paralytic shellfish toxins,ENV_FACTOR_ASSOCIATED_WITH_TOXIN,TOXIN,ENV_FACTOR,2,2,31466003;41373596,2020.0;2025.0,"('oxidative stress', 'paralytic shellfish toxins')",0
paralytic shellfish poisoning,pks,SEMANTIC_CO_OCCURS,BIOSYNTHETIC_SYSTEM,TOXIN,2,2,18487408;35031458,2008.0;2022.0,"('paralytic shellfish poisoning', 'pks')",0
paralytic shellfish poisoning,pst-producing,SEMANTIC_CO_OCCURS,TOXIN,TOXIN_PHENOTYPE,2,2,21376073;23457475,2011.0;2013.0,"('paralytic shellfish poisoning', 'pst-producing')",0
paralytic shellfish poisoning,pyrodinium,SEMANTIC_CO_OCCURS,TAXON_GROUP,TOXIN,2,2,20714432;35198665,2010.0;2022.0,"('paralytic shellfish poisoning', 'pyrodinium')",0
paralytic shellfish poisoning,saxitoxin biosynthesis genes,GENE_ASSOCIATED_WITH_TOXIN,GENE,TOXIN,2,2,35198665;40449983,2022.0;2025.0,"('paralytic shellfish poisoning', 'saxitoxin biosynthesis genes')",0
paralytic shellfish toxins,ph,ENV_FACTOR_ASSOCIATED_WITH_TOXIN,TOXIN,ENV_FACTOR,2,2,21985090;25046082,2011.0;2014.0,"('paralytic shellfish toxins', 'ph')",0
paralytic shellfish toxins,phylogenetic analysis,SEMANTIC_CO_OCCURS,TOXIN,EVOLUTIONARY_PROCESS,2,2,30502809;32307073,2018.0;2020.0,"('paralytic shellfish toxins', 'phylogenetic analysis')",0
paralytic shellfish toxins,pks,SEMANTIC_CO_OCCURS,BIOSYNTHETIC_SYSTEM,TOXIN,2,2,20479965;33084210,2010.0;2021.0,"('paralytic shellfish toxins', 'pks')",0
paralytic shellfish toxins,precursors,TOXIN_MECHANISM_RELATION,TOXIN,BIOLOGICAL_MECHANISM,2,2,19632259;26842222,2010.0;2016.0,"('paralytic shellfish toxins', 'precursors')",0
paralytic shellfish toxins,sxto,GENE_ASSOCIATED_WITH_TOXIN,GENE,TOXIN,2,2,25421324;30296060,2014.0;2018.0,"('paralytic shellfish toxins', 'sxto')",0
paralytic shellfish toxins,sxtt,GENE_ASSOCIATED_WITH_TOXIN,GENE,TOXIN,2,2,32532989;38270276,2020.0;2024.0,"('paralytic shellfish toxins', 'sxtt')",0
paralytic shellfish toxins,upregulated,SEMANTIC_CO_OCCURS,TOXIN,REGULATION_EXPRESSION,2,2,31408752;41334952,2019.0;2025.0,"('paralytic shellfish toxins', 'upregulated')",0
ph,salinity,SEMANTIC_CO_OCCURS,ENV_FACTOR,ENV_FACTOR,2,2,33980451;35364510,2021.0;2022.0,"('ph', 'salinity')",0
ph,toxin production,ENV_FACTOR_ASSOCIATED_WITH_TOXIN,TOXIN,ENV_FACTOR,2,2,15804520;33980451,2005.0;2021.0,"('ph', 'toxin production')",0
ph,toxin-producing,SEMANTIC_CO_OCCURS,TOXIN_PHENOTYPE,ENV_FACTOR,2,2,14766924;19627483,2004.0;2009.0,"('ph', 'toxin-producing')",0
phosphorus,sxt genes,ENV_FACTOR_ASSOCIATED_WITH_GENE,GENE,ENV_FACTOR,2,2,28073499;40209228,2016.0;2025.0,"('phosphorus', 'sxt genes')",0
phosphorus,transcriptional responses,SEMANTIC_CO_OCCURS,REGULATION_EXPRESSION,ENV_FACTOR,2,2,23894552;28073499,2013.0;2016.0,"('phosphorus', 'transcriptional responses')",0
phylogenetic analysis,phylogenetic tree,SEMANTIC_CO_OCCURS,EVOLUTIONARY_PROCESS,EVOLUTIONARY_PROCESS,2,2,27007634;32307073,2013.0;2020.0,"('phylogenetic analysis', 'phylogenetic tree')",0
phylogenetic analysis,pst-producing,SEMANTIC_CO_OCCURS,TOXIN_PHENOTYPE,EVOLUTIONARY_PROCESS,2,2,30502809;32307073,2018.0;2020.0,"('phylogenetic analysis', 'pst-producing')",0
phylogenetic analysis,sxtb,EVOLUTION_GENE_RELATION,GENE,EVOLUTIONARY_PROCESS,2,2,24015317;40449983,2013.0;2025.0,"('phylogenetic analysis', 'sxtb')",0
phylogenetic analysis,sxty,EVOLUTION_GENE_RELATION,GENE,EVOLUTIONARY_PROCESS,2,2,32307073;40449983,2020.0;2025.0,"('phylogenetic analysis', 'sxty')",0
phylogeny,sxti,EVOLUTION_GENE_RELATION,GENE,EVOLUTIONARY_PROCESS,2,2,27907126;38705616,2016.0;2024.0,"('phylogeny', 'sxti')",0
precursor,sxta,GENE_MECHANISM_RELATION,GENE,BIOLOGICAL_MECHANISM,2,2,29390180;33084210,2018.0;2021.0,"('precursor', 'sxta')",0
pst producing,saxitoxin biosynthesis,SEMANTIC_CO_OCCURS,TOXIN_PHENOTYPE,BIOLOGICAL_MECHANISM,2,2,27569199;29705145,2016.0;2018.0,"('pst producing', 'saxitoxin biosynthesis')",0
pst producing,sxta,SEMANTIC_CO_OCCURS,GENE,TOXIN_PHENOTYPE,2,2,27569199;29705145,2016.0;2018.0,"('pst producing', 'sxta')",0
saxitoxin,stx biosynthesis gene,GENE_ASSOCIATED_WITH_TOXIN,TOXIN,GENE,2,2,20935128;40209228,2010.0;2025.0,"('saxitoxin', 'stx biosynthesis gene')",0
saxitoxin,sxtx,GENE_ASSOCIATED_WITH_TOXIN,TOXIN,GENE,2,2,28797629;40209228,2017.0;2025.0,"('saxitoxin', 'sxtx')",0
saxitoxin biosynthesis,sxtx,GENE_MECHANISM_RELATION,GENE,BIOLOGICAL_MECHANISM,2,2,36689843;40209228,2023.0;2025.0,"('saxitoxin biosynthesis', 'sxtx')",0
saxitoxin biosynthesis,transcriptional response,SEMANTIC_CO_OCCURS,REGULATION_EXPRESSION,BIOLOGICAL_MECHANISM,2,2,26347118;29027918,2016.0;2017.0,"('saxitoxin biosynthesis', 'transcriptional response')",0
secondary metabolism,secondary metabolite,SEMANTIC_CO_OCCURS,BIOSYNTHETIC_SYSTEM,BIOSYNTHETIC_SYSTEM,2,2,14718552;32290496,2004.0;2020.0,"('secondary metabolism', 'secondary metabolite')",0
secondary metabolites,sxtg,BIOSYNTHETIC_GENE_RELATION,GENE,BIOSYNTHETIC_SYSTEM,2,2,22628533;32058687,2013.0;2020.0,"('secondary metabolites', 'sxtg')",0
sxt gene,toxin profile,GENE_ASSOCIATED_WITH_TOXIN,TOXIN,GENE,2,2,30296060;39003021,2018.0;2024.0,"('sxt gene', 'toxin profile')",0
sxt genes,toxin profile,GENE_ASSOCIATED_WITH_TOXIN,GENE,TOXIN,2,2,28797629;36326655,2017.0;2022.0,"('sxt genes', 'toxin profile')",0
sxta,sxtn,SEMANTIC_CO_OCCURS,GENE,GENE,2,2,27907126;40449983,2016.0;2025.0,"('sxta', 'sxtn')",0
sxta,sxtx,SEMANTIC_CO_OCCURS,GENE,GENE,2,2,36689843;40209228,2023.0;2025.0,"('sxta', 'sxtx')",0
sxta,sxtz,SEMANTIC_CO_OCCURS,GENE,GENE,2,2,19484122;25421324,2009.0;2014.0,"('sxta', 'sxtz')",0
sxta,toxin producing,SEMANTIC_CO_OCCURS,TOXIN_PHENOTYPE,GENE,2,2,27907126;29705145,2016.0;2018.0,"('sxta', 'toxin producing')",0
sxti,sxtn,SEMANTIC_CO_OCCURS,GENE,GENE,2,2,27907126;40449983,2016.0;2025.0,"('sxti', 'sxtn')",0
sxto,sxtz,SEMANTIC_CO_OCCURS,GENE,GENE,2,2,25421324;32307073,2014.0;2020.0,"('sxto', 'sxtz')",0
sxtx,temperature,ENV_FACTOR_ASSOCIATED_WITH_GENE,GENE,ENV_FACTOR,2,2,36689843;40209228,2023.0;2025.0,"('sxtx', 'temperature')",0
temperature,toxic cyanobacteria,SEMANTIC_CO_OCCURS,TAXON_GROUP,ENV_FACTOR,2,2,33875183;36136576,2021.0;2022.0,"('temperature', 'toxic cyanobacteria')",0
temperature,toxin-producing,SEMANTIC_CO_OCCURS,TOXIN_PHENOTYPE,ENV_FACTOR,2,2,24334673;34442662,2014.0;2021.0,"('temperature', 'toxin-producing')",0
toxic cyanobacteria,toxin content,SEMANTIC_CO_OCCURS,TAXON_GROUP,TOXIN,2,2,24956074;38786590,2014.0;2024.0,"('toxic cyanobacteria', 'toxin content')",0
toxic cyanobacteria,toxin profile,SEMANTIC_CO_OCCURS,TAXON_GROUP,TOXIN,2,2,10414862;7660371,1995.0;1999.0,"('toxic cyanobacteria', 'toxin profile')",0
toxic cyanobacteria,toxin-producing,SEMANTIC_CO_OCCURS,TAXON_GROUP,TOXIN_PHENOTYPE,2,2,16650472;36430059,2006.0;2022.0,"('toxic cyanobacteria', 'toxin-producing')",0
toxin content,toxin-producing,SEMANTIC_CO_OCCURS,TOXIN,TOXIN_PHENOTYPE,2,2,23648419;28678186,2013.0;2017.0,"('toxin content', 'toxin-producing')",0
toxin producing,toxin-producing,SEMANTIC_CO_OCCURS,TOXIN_PHENOTYPE,TOXIN_PHENOTYPE,2,2,16650472;26417864,2006.0;2015.0,"('toxin producing', 'toxin-producing')",0
amidinotransferase,biosynthesis,SEMANTIC_CO_OCCURS,GENE_DOMAIN,BIOLOGICAL_MECHANISM,2,1,32058687,2020.0,"('amidinotransferase', 'biosynthesis')",0
amidinotransferase,secondary metabolites,SEMANTIC_CO_OCCURS,GENE_DOMAIN,BIOSYNTHETIC_SYSTEM,2,1,32058687,2020.0,"('amidinotransferase', 'secondary metabolites')",0
aminotransferase domain,homologs,SEMANTIC_CO_OCCURS,GENE_DOMAIN,EVOLUTIONARY_PROCESS,2,1,22628533,2013.0,"('aminotransferase domain', 'homologs')",0
biosynthesis,g1 phase,SEMANTIC_CO_OCCURS,BIOLOGICAL_MECHANISM,BIOLOGICAL_MECHANISM,2,1,28678186,2017.0,"('biosynthesis', 'g1 phase')",0
climate change,salinity,SEMANTIC_CO_OCCURS,ENV_FACTOR,ENV_FACTOR,2,1,33980428,2021.0,"('climate change', 'salinity')",0
conserved,stx producing,SEMANTIC_CO_OCCURS,TOXIN_PHENOTYPE,EVOLUTIONARY_PROCESS,2,1,22983012,2012.0,"('conserved', 'stx producing')",0
conserved,sxt gene,EVOLUTION_GENE_RELATION,GENE,EVOLUTIONARY_PROCESS,2,1,27907126,2016.0,"('conserved', 'sxt gene')",0
conserved,toxin producing,SEMANTIC_CO_OCCURS,TOXIN_PHENOTYPE,EVOLUTIONARY_PROCESS,2,1,27907126,2016.0,"('conserved', 'toxin producing')",0
homologs,secondary metabolites,SEMANTIC_CO_OCCURS,BIOSYNTHETIC_SYSTEM,EVOLUTIONARY_PROCESS,2,1,22628533,2013.0,"('homologs', 'secondary metabolites')",0
homologs,stx-producing,SEMANTIC_CO_OCCURS,TOXIN_PHENOTYPE,EVOLUTIONARY_PROCESS,2,1,22628533,2013.0,"('homologs', 'stx-producing')",0
light,paralog,SEMANTIC_CO_OCCURS,EVOLUTIONARY_PROCESS,ENV_FACTOR,2,1,38928005,2024.0,"('light', 'paralog')",0
paralog,paralogs,SEMANTIC_CO_OCCURS,EVOLUTIONARY_PROCESS,EVOLUTIONARY_PROCESS,2,1,38928005,2024.0,"('paralog', 'paralogs')",0
phosphorus,toxic cyanobacteria,SEMANTIC_CO_OCCURS,TAXON_GROUP,ENV_FACTOR,2,1,34697712,2022.0,"('phosphorus', 'toxic cyanobacteria')",0
phosphorus limitation,toxic cyanobacteria,SEMANTIC_CO_OCCURS,TAXON_GROUP,ENV_FACTOR,2,1,34697712,2022.0,"('phosphorus limitation', 'toxic cyanobacteria')",0
phylogenetic analysis,secondary metabolites,SEMANTIC_CO_OCCURS,BIOSYNTHETIC_SYSTEM,EVOLUTIONARY_PROCESS,2,1,30104548,2018.0,"('phylogenetic analysis', 'secondary metabolites')",0
phylogeny,sxt gene,EVOLUTION_GENE_RELATION,GENE,EVOLUTIONARY_PROCESS,2,1,27907126,2016.0,"('phylogeny', 'sxt gene')",0
phylogeny,toxin producing,SEMANTIC_CO_OCCURS,TOXIN_PHENOTYPE,EVOLUTIONARY_PROCESS,2,1,27907126,2016.0,"('phylogeny', 'toxin producing')",0
salinity,toxin profile,ENV_FACTOR_ASSOCIATED_WITH_TOXIN,TOXIN,ENV_FACTOR,2,1,33980428,2021.0,"('salinity', 'toxin profile')",0
sxt gene,sxti,SEMANTIC_CO_OCCURS,GENE,GENE,2,1,27907126,2016.0,"('sxt gene', 'sxti')",0
